{"cameraMode":{"drawMode":0,"name":"Shaded","section":"Shading Mode"},"sceneLighting":true,"audioPlay":false,"sceneViewState":{"showFog":true,"showMaterialUpdate":true,"showSkybox":true,"showFlares":true,"showImageEffects":true,"showParticleSystems":true},"in2DMode":false,"pivot":{"x":-0.408572256565094,"y":0.2665727138519287,"z":-1.2837581634521485},"rotation":{"x":-0.09152655303478241,"y":0.8977784514427185,"z":-0.22285330295562745,"w":-0.36872053146362307},"size":7.015887260437012,"orthographic":false}